USER_WARNING,EmployeeID,IP,Office
Synthetic Data,0,37.170.100.0,0
Synthetic Data,1,37.170.100.1,0
Synthetic Data,2,37.170.100.2,1
Synthetic Data,3,37.170.100.3,1
Synthetic Data,4,37.170.100.4,2
Synthetic Data,5,37.170.100.5,2
Synthetic Data,6,37.170.100.6,3
Synthetic Data,7,37.170.100.7,3
Synthetic Data,8,37.170.100.8,4
Synthetic Data,9,37.170.100.9,4
Synthetic Data,10,37.170.100.10,5
Synthetic Data,11,37.170.100.11,5
Synthetic Data,12,37.170.100.12,6
Synthetic Data,13,37.170.100.13,6
Synthetic Data,14,37.170.100.14,7
Synthetic Data,15,37.170.100.15,7
Synthetic Data,16,37.170.100.16,8
Synthetic Data,17,37.170.100.17,8
Synthetic Data,18,37.170.100.18,9
Synthetic Data,19,37.170.100.19,9
Synthetic Data,20,37.170.100.20,10
Synthetic Data,21,37.170.100.21,10
Synthetic Data,22,37.170.100.22,11
Synthetic Data,23,37.170.100.23,11
Synthetic Data,24,37.170.100.24,12
Synthetic Data,25,37.170.100.25,12
Synthetic Data,26,37.170.100.26,13
Synthetic Data,27,37.170.100.27,13
Synthetic Data,28,37.170.100.28,14
Synthetic Data,29,37.170.100.29,14
Synthetic Data,30,37.170.100.30,15
Synthetic Data,31,37.170.100.31,15
Synthetic Data,32,37.170.100.32,16
Synthetic Data,33,37.170.100.33,16
Synthetic Data,34,37.170.100.34,17
Synthetic Data,35,37.170.100.35,17
Synthetic Data,36,37.170.100.36,18
Synthetic Data,37,37.170.100.37,18
Synthetic Data,38,37.170.100.38,19
Synthetic Data,39,37.170.100.39,19
Synthetic Data,40,37.170.100.40,20
Synthetic Data,41,37.170.100.41,20
Synthetic Data,42,37.170.100.42,21
Synthetic Data,43,37.170.100.43,21
Synthetic Data,44,37.170.100.44,22
Synthetic Data,45,37.170.100.45,22
Synthetic Data,46,37.170.100.46,23
Synthetic Data,47,37.170.100.47,23
Synthetic Data,48,37.170.100.48,24
Synthetic Data,49,37.170.100.49,24
Synthetic Data,50,37.170.100.50,25
Synthetic Data,51,37.170.100.51,25
Synthetic Data,52,37.170.100.52,26
Synthetic Data,53,37.170.100.53,26
Synthetic Data,54,37.170.100.54,27
Synthetic Data,55,37.170.100.55,27
Synthetic Data,56,37.170.100.56,28
Synthetic Data,57,37.170.100.57,28
Synthetic Data,58,37.170.100.58,29
Synthetic Data,59,37.170.100.59,29
